author_id,name,username,created_at,text,description,verified,followers_count,following_count,tweet_count,listed_count,dia,mes,ano,hora,weekofyear,weekday,day_of_year,sentiment,negativos,neutros,positivos,emotion,joy,sadness,surprise,anger,disgust,fear,hate_speech,hateful,targeted,aggressive
709630884,Cooperativa Sagrados Corazones Ltda.,coopssccPy,2022-06-17 21:37:58+00:00,"Hoy viernes 17/06 comprando con tu tarjeta de cr√©dito CABAL en todas las sucursales de Casa Parana ten√©s 20% de descuento en TODOS LOS ART√çCULOS.

üí≥Si todav√≠a no ten√©s tu tarjeta de cr√©dito Cabal solic√≠tala haciendo click en el linküëâ https://t.co/FFhQjRhTSw https://t.co/u6XWUfYZpV","Visi√≥n: Ser una cooperativa innovadora, comprometida con la educaci√≥n financiera de alto impacto en la comunidad.",263,137,2762,1,False,17,6,2022,21,24,4,168,NEU,0.0099185900762677,0.8907554745674133,0.099325880408287,others,0.0327907390892505,0.0065030939877033,0.0061031254008412,0.0032369035761803,0.002012230688706,0.0033275443129241,[],0.0146823097020387,0.0122201731428503,0.0141840083524584
1253170628418514946,Juampimolina,Juampimolina10,2022-06-17 20:44:58+00:00,@hiperfalcon PREGUNTALE AL CREDICOOP M√ÅS MEJOR,"Liberal de pura cepa. Se agradece cada seguidor con BTC.

Miembro de la KGB de Tony (@StarkDSC) .

#Milei 
#Bitcoin",423,1127,23302,3,False,17,6,2022,20,24,4,168,NEU,0.0102765345945954,0.9853945970535278,0.0043288711458444,others,0.0107288947328925,0.0151493540033698,0.0134406052529811,0.0211658477783203,0.0064671682193875,0.0077456845901906,[],0.0454476438462734,0.0206702221184968,0.0324071608483791
232660636,PATRIA y VIDA #FICHALIMPIA,ccariungs,2022-06-17 19:29:17+00:00,"No olvidar que el √∫nico partido aliado a Cristina es el PARTIDO COMUNISTA Argentino (STALINISTA) Argentino , CREDICOOP",El Fantasma del general Pedro Eugenio Aramburu,1806,5002,52083,26,False,17,6,2022,19,24,4,168,NEU,0.3308408856391907,0.6586594581604004,0.0104996422305703,others,0.0065494035370647,0.0070137707516551,0.0059536169283092,0.0150832058861851,0.0080549241974949,0.0035081196110695,[],0.0640403032302856,0.0146935572847723,0.0518961437046527
821195119252697089,S.O.S CABALLOS,soscaballostafe,2022-06-17 16:21:53+00:00,"Si quer√©s colaborar con los gastos de su recuperaci√≥n y mantenimiento pod√©s hacerlo mediante nuestra cuenta corriente:

Cuenta corriente Banco Credicoop
Cta n¬∫ 2061
Filial 261
CBU 1910261855026100020614
Cuit: 30 711 638 85-3 üêé

Y tambi√©n por Mercado Pago‚¨áÔ∏è","ASOCIACI√ìN CIVIL dedicada a la defensa, rehabilitaci√≥n y asistencia del equino maltratado y a la erradicaci√≥n de la tracci√≥n a sangre. Pers. Jur. N¬∫ 267",2328,89,3566,5,False,17,6,2022,16,24,4,168,NEU,0.0096327131614089,0.9789409637451172,0.0114262914285063,others,0.0241731591522693,0.0079751843586564,0.0039523290470242,0.0031170048750936,0.0015125495847314,0.0022379716392606,[],0.012490464374423,0.0122756110504269,0.0139139490202069
1208437245352579072,fran,franemanuelli,2022-06-17 14:39:23+00:00,vino un loco q decia que recien sali√≥ de un coma y me pregunt√≥ donde queda el banco credicoop ??????,‚ö™üî¥‚ö™,45,76,1552,0,False,17,6,2022,14,24,4,168,NEG,0.8373239636421204,0.1604165136814117,0.0022595729678869,others,0.0091621307656168,0.0248691048473119,0.076751671731472,0.0085503086447715,0.0095068188384175,0.0243179835379123,[],0.2622342705726623,0.0917936041951179,0.1330347210168838
2823785657,Diario La Ma√±ana,lamananaok,2022-06-17 14:17:54+00:00,"#Credicoop | Diez mil millones de pesos para emprendedores y monotributistas

https://t.co/oi5jiWB3fD",,2399,384,40838,21,False,17,6,2022,14,24,4,168,NEU,0.0341388992965221,0.8680204749107361,0.097840629518032,others,0.0317298583686351,0.0084319757297635,0.0224937610328197,0.0123220151290297,0.0047586723230779,0.0056898035109043,[],0.0114473765715956,0.0104580065235495,0.0134445633739233
823575739568164865,Patrimac,patrimac65,2022-06-17 13:19:27+00:00,@mirandadress Y tambi√©n para los que tienen Banco Credicoop.,"Me gusta viajar, los programas y sitios de turismo y cocina, pincharrata por herencia de mi padre.",302,852,23194,0,False,17,6,2022,13,24,4,168,NEU,0.0063531342893838,0.9893585443496704,0.004288294352591,others,0.0101639702916145,0.0227916128933429,0.0093135340139269,0.0112370112910866,0.0081065353006124,0.0095107592642307,[],0.141843169927597,0.0080865090712904,0.065028540790081
835277140711047168,Ahorro Twit,ahorrotwit,2022-06-17 13:01:10+00:00,Hoy con tu tarjeta #cabal ten√©s un 30% de descuento en @WalmartArg y en #changomas con tope de $1500 x operacion y pagando con tarjeta de cr√©dito del @HSBC_AR ten√©s 20% de descuento en @Coto_Ar sin tope,Ac√° vas a encontrar las novedades de los descuentos de todos los d√≠as y recomendaciones para ahorrar al m√°ximo! ahorrotwit@gmail.com,2388,59,7603,5,False,17,6,2022,13,24,4,168,NEU,0.0052637476474046,0.6944487690925598,0.300287514925003,others,0.1102755814790725,0.0162965282797813,0.0155254183337092,0.0055428836494684,0.0053575220517814,0.0080873183906078,[],0.0304574761539697,0.0190888401120901,0.0302320662885904
3335522573,Tot√≥ ,totosanacevedo,2022-06-17 01:02:49+00:00,"#Desafio2022
Carlos Heller, CEO del Banco Credicoop, que gan√≥ miles de millones a costilla del hambre de los argentinos, ahora es nac and pop.
Terrible usurero HDRP.",,56,12,10507,0,False,17,6,2022,1,24,4,168,NEG,0.9955015778541564,0.0035614853259176,0.0009369425824843,anger,0.0064887753687798,0.0109580243006348,0.0063379104249179,0.7059067487716675,0.2147680670022964,0.0071295648813247,[],0.0367506146430969,0.02234698086977,0.0500710345804691
337156846,Diego Badaracco,debadaracco,2022-06-16 21:27:02+00:00,@lapescadeldia @Sebapedrozoo @mdkro No hab√≠a dos en reconquista? El primero entre Lavalle y corrientes? Cerca del credicoop,iOS Developer,156,334,215,0,False,16,6,2022,21,24,3,167,NEU,0.0521654672920703,0.941586136817932,0.0062483865767717,others,0.0054996348917484,0.0289304088801145,0.158616691827774,0.0117173632606863,0.0115989288315176,0.028072889894247,[],0.0329407602548599,0.0094707161188125,0.0169000215828418
348811935,Diario Cadena Nueve,CadenaNueve,2022-06-17 23:16:03+00:00,Se pone en marcha en junio y surge luego de un acuerdo entre el presidente de la instituci√≥n Carlos Heller y el Ministerio de Producci√≥n de la Naci√≥n https://t.co/JGbJb7WilS,Desde 1973 informando a Nueve de Julio y a la regi√≥n. LT33 Cadena Nueve AM 1560/ M√°xima FM 89.9/Diario Cadena Nueve Premio CADUCEO/17 'Mejor Portal de Noticias',3649,502,26216,17,False,17,6,2022,23,24,4,168,NEU,0.0143958460539579,0.8813741207122803,0.104230023920536,others,0.0063843955285847,0.0016067313263192,0.0084493802860379,0.0010365347843617,0.0006767953163944,0.0014105478767305,[],0.0087034897878766,0.011886223219335,0.0102128526195883
117425805,Carmela Pimienta,Sorgin1984,2022-06-16 21:23:31+00:00,de todos los bancos poronga que he tenido creo que el CREDICOOP ES EL PEOR,"Tengo poco talento para el Pure y me gusta mucho la pimienta. 
Escribo como el orto porque soy una atolondrada.",241,311,21488,1,False,16,6,2022,21,24,3,167,NEG,0.998464584350586,0.0010164736304432,0.0005189387011341,anger,0.0083402376621961,0.0380026213824749,0.0178006738424301,0.6204479932785034,0.1670703887939453,0.0409737937152385,[],0.0426119677722454,0.0082952808588743,0.0352936163544654
1088460051671437314,China's ERüèØüéé‚ô•Ô∏èüéçüéä,china_er,2022-06-16 14:45:58+00:00,"@BancoCredicoop a ver si salen a adherir comercios en este pueblo de morondanga (lease por pueblo de morondanga: Paran√°)
Harta de que no reciban d√©bito   #Cabal","emprendedora neta
optimus prime",60,138,476,0,False,16,6,2022,14,24,3,167,NEG,0.9921138286590576,0.0069013712927699,0.0009848118061199,anger,0.0024378013331443,0.0110447481274604,0.0048928535543382,0.7985251545906067,0.0570083856582641,0.0102361030876636,[],0.1641766279935836,0.0057367435656487,0.0583608038723468
69299025,Umawtufe Wenxu,umaw,2022-06-16 14:17:41+00:00,"@elbombanqn De todas las apps bancarias que he visto, la del credicoop es la m√°s amable. Y bueno bomber. No la uses, hace los tr√°mites v√≠a HB antes de salir de casa, y cuando llegues luego de tu jornada laboral. Mientras tanto, no las hagas.",Periodista de @universidadcalf. Toco el bajo en Puel Kona. jugador de F√∫tbol muy amateur. Bostero y Riquelmista.,1652,2668,5773,21,False,16,6,2022,14,24,3,167,NEU,0.0469462312757968,0.9376656413078308,0.0153881292790174,others,0.0084664747118949,0.0196177512407302,0.0043126489035785,0.0445959605276584,0.0106184734031558,0.0041108201257884,[],0.2210489511489868,0.0217416193336248,0.0946784168481826
256079559,OompaLoompa,sys_oompaloompa,2022-06-16 14:14:57+00:00,"@elbombanqn @umaw Podes hacer lo mismo con la app. Podes generar claves de us√≥ √∫nico para hacer transferencia desde la p√°gina. 

No soy muy admirador de la app del credicoop pero despu√©s de interactuar con las de naci√≥n y bpn me parece aceptable","Estudiatico e informante. Un 4 sin proyeccion, un enganche sin gambeta. Un oompa loompa de la vida",79,415,1892,0,False,16,6,2022,14,24,3,167,POS,0.0013411421095952,0.094333492219448,0.9043253660202026,others,0.0255502928048372,0.0033061103895306,0.0032127287704497,0.0024450430646538,0.0012787295272573,0.0012381472624838,[],0.0506474077701568,0.0129004195332527,0.0312724709510803
703583029,El Bomba,elbombanqn,2022-06-16 13:48:43+00:00,A partir de hoy el Banco Credicoop no me deja usar m√°s la tarjeta de coordenadas. para poder hacer transferencias tengo que instalar una app en mi celular. Si me afanan el cel y hacen transferencias desde mi cuenta... quien me devuelve la guita? los odio.,Mel√≥mano de esencia Rockera. Trabajador de la 103.7 Radio Unc - Calf. Conductor de Bomber y El Perseguidor. Parte de Comahue Rock.,1735,1550,9332,14,False,16,6,2022,13,24,3,167,NEG,0.9959077835083008,0.0036339648067951,0.0004582759283948,anger,0.0029392717406153,0.0126646971330046,0.0042615751735866,0.8638209104537964,0.0810658857226371,0.0056328140199184,[],0.1631064116954803,0.0107595976442098,0.081940934062004
1472406842,RenacerRegional,RenacerRegional,2022-06-16 13:25:49+00:00,BANCO CREDICOOP ENTREG√ì APORTES A CUATRO INSTITUCIONES DE LAS ROSAS https://t.co/AT1fIQ3LIt,Twitter oficial de Renacer Regional - FM 101.3 Las Rosas,297,80,12423,1,False,16,6,2022,13,24,3,167,NEU,0.0474186725914478,0.874577522277832,0.0780038684606552,others,0.0220419764518737,0.0060765198431909,0.0115724606439471,0.0052300910465419,0.0026804993394762,0.0026990207843482,[],0.0154825700446963,0.0130332857370376,0.0129773961380124
64730136,Martin E,martin232391,2022-06-16 01:16:26+00:00,@agustinromm Credicoop de San Mart√≠n te piden el certificado de vacunaci√≥n. Creo que solo ah√≠ lo piden üôà,,30,169,1058,0,False,16,6,2022,1,24,3,167,NEU,0.0108968876302242,0.9848335385322572,0.0042696413584053,others,0.0038267052732408,0.0090201189741492,0.0142469471320509,0.0036660213954746,0.0025354453828185,0.00397485261783,[],0.0578302256762981,0.0102825872600078,0.0315605513751506
1310037794463657988,Idol,Idol_Oficial,2022-06-15 23:24:00+00:00,@LANACION Un lech√≥n de cu√°ntos kilos? Igual Carlitos se lo cobra al Credicoop...,"Argentino cansado de que lo roben y se le r√≠an en la cara. Necesito un seguidor m√°s para salir de ese n√∫mero que no me gusta, copate!!!",683,860,2160,0,False,15,6,2022,23,24,2,166,NEU,0.0328265465795993,0.9655810594558716,0.0015924043254926,others,0.0150350825861096,0.0271128639578819,0.1400968134403228,0.0519113019108772,0.0300116632133722,0.0211301445960998,[],0.0417194366455078,0.0219448320567607,0.0302490945905447
1192484884150919170,Copa Per√∫,CopaPeruFPF,2022-06-15 23:07:50+00:00,"‚öΩ En Puno, Deportivo Universitario y Policial Santa Rosa contin√∫an imparables en la Etapa Provincial. En San Rom√°n, lo propio ocurre con Credicoop San Rom√°n, que dio cuenta de Atl√©tico Cabanillas y sigue firme en su prop√≥sito de llegar a la Etapa Departamental.

üì∏ Puno Deportes https://t.co/t9X4N7T7ye",Perfil oficial de la Copa Per√∫ üèÜ #LaCopaDelPer√∫,4150,26,2367,13,False,15,6,2022,23,24,2,166,NEU,0.0177462920546531,0.8587639331817627,0.1234897375106811,others,0.0613452158868312,0.0023738124873489,0.0097287241369485,0.0005741706700064,0.0005885136779397,0.0012850925559177,[],0.010142046958208,0.0121561903506517,0.0100542716681957
294262229,Javier Bonavita,fjbonavita,2022-06-15 20:55:44+00:00,"@MicaelaLibson Pobre Heller, va a tener que vaciar el credicoop para pagar la apuesta","Hincha de Boca, Hincha huevos, pensador aut√≥ctono, hombre de inacci√≥n y por sobre todas las cosas caminante empedernido. Me seguis?",154,937,6686,3,False,15,6,2022,20,24,2,166,NEG,0.9971760511398317,0.0024897824041545,0.0003341664560139,sadness,0.0017187810735777,0.6862514615058899,0.0182584673166275,0.0248844195157289,0.0160785354673862,0.0431119240820407,[],0.0315053090453147,0.0180807467550039,0.0290296878665685
1069053968,#VolveremosPronto,magweb8,2022-06-15 20:03:16+00:00,"¬øQu√© es costo Argentino?
Dejar de trabajar en el plan de MKT para exportar a LatAm
Dedicarle ese tiempo a solucionar objeciones que puso Credicoop por un giro de menos de u$10.000
Ver que eran s√≥lo pretextos
Tener que seguir perdiendo tiempo arreglando papeles que estaban bien
+","Harto de la ineptocracia, del gobierno de cient√≠figos y de los centro coreanos sontodoslomismistas
#QuedateEnCasaAlberto
#PoneteAGobernarDeUnaVezEnano",3636,4826,92739,7,False,15,6,2022,20,24,2,166,NEG,0.9650848507881165,0.0343294516205787,0.0005856851348653,anger,0.0032161956187337,0.0243323184549808,0.0043334607034921,0.7684060335159302,0.0819088220596313,0.0032077860087156,[],0.3743023872375488,0.0075832456350326,0.1265310049057006
1306700325831745536,@combatiendoalcapital,fightingcapital,2022-06-15 19:45:48+00:00,"@infobae Lu, el due√±o de la financiera trucha esa que llaman credicoop no deberia comer lechon, vos sos flor de hijo de puta tambien","Nueva cuenta xq la otra me la bloquearon.
Lo mejor de este pa√≠s es Ezeiza. 
El USD es negocio en Arg, en el mundo se deval√∫a
No sean literales
@fightingcapita1",278,541,15931,2,False,15,6,2022,19,24,2,166,NEG,0.9958297610282898,0.0031888405792415,0.0009814202785491,anger,0.0026856660842895,0.0105482023209333,0.0034638738725334,0.7514329552650452,0.2024105042219162,0.0064984476193785,[],0.0134357288479805,0.0104047246277332,0.0175003223121166
2901547251,Tomas Sanchez,Tomas_Sanchez26,2022-06-15 17:54:39+00:00,"Pobre mi tio m√°s vueltas le dan para hacerle la cuenta del banco credicoop. 
El cobro la primer cuota del refuerzos de ingresos x ahi, pero le dijeron que para la segunda deber√° tener una cuenta. 
El es una persona mayor, con varios problemas en salud. Hace d√≠as viene y va al bnc",üóûÔ∏èPeriodista‚å®Ô∏è|üá¶üá∑Defensor de la Rep√∫blica|‚ù§Ô∏èHincha de Newell's Old Boysüñ§|I love hatersüíõ|üê¥Domador de tweets| ‚ùéUn peronista de pura cepa‚ö†Ô∏è,401,342,57890,1,False,15,6,2022,17,24,2,166,NEG,0.9920418858528136,0.0076907905749976,0.000267261872068,sadness,0.0014303370844572,0.4651587605476379,0.0106108533218503,0.0550953634083271,0.0203614942729473,0.0583045929670333,[],0.085548534989357,0.0230411272495985,0.0490836501121521
1286695299789053952,Roberto,Robert_357,2022-06-15 17:05:04+00:00,"@infobaeeconomia TIENE JUSTIFICACION  SR. HELLER ES SU GOBIERNO,INUTILES ,y falta fe empatia con el pueblo. O ud,no sabe de la ESTRAMBOTICA emisi√≥n que hicieron ahora vienen los resultados. Ud,la tiene muy clara si no es as√≠ cierre el CREDICOOP,porque lo funde. Basta de de decir boludeces.",,21,103,6181,0,False,15,6,2022,17,24,2,166,NEG,0.9981306195259094,0.0014019535155966,0.0004675563250202,anger,0.0024446093011647,0.012197976000607,0.0041009662672877,0.7644907832145691,0.1804092228412628,0.0058761448599398,[],0.0490126125514507,0.0071330196224153,0.0307326670736074
343609617,alvaguito,alvaguito_nob,2022-06-15 16:55:45+00:00,@infobae Llego a tener una cuenta en el banco Credicoop ma√±ana a primera hora la cierro,"Muy feliz, haciendo que las cosas sucedan...",983,1219,8181,6,False,15,6,2022,16,24,2,166,NEU,0.0611102581024169,0.9364789724349976,0.0024108015932142,others,0.0069341235794126,0.0338208898901939,0.0271830540150403,0.014284448698163,0.0113001111894845,0.0266284216195344,[],0.0511536970734596,0.0178353022783994,0.0442957505583763
709630884,Cooperativa Sagrados Corazones Ltda.,coopssccPy,2022-06-15 14:38:04+00:00,"Descuentos especiales para pap√° en su mes üë®‚Äçüëß‚Äçüë¶

Con tu Tarjeta de Cr√©dito Cabal de la Cooperativa podes acceder a estos beneficios ü§©

üì≤Consultas al 0974 435 100 https://t.co/5lZm4HuQPR","Visi√≥n: Ser una cooperativa innovadora, comprometida con la educaci√≥n financiera de alto impacto en la comunidad.",263,137,2762,1,False,15,6,2022,14,24,2,166,NEU,0.00530079100281,0.8050116896629333,0.1896875202655792,others,0.2983299493789673,0.004550608806312,0.0059602004475891,0.0017638426506891,0.0016178260557353,0.0023570430930703,[],0.0099959122017025,0.0101082921028137,0.0116959745064377
398265847,Gringo,gringotej,2022-06-15 13:18:39+00:00,@infobae Imagino esas comisiones congeladas en el banco credicoop.,,180,847,5521,2,False,15,6,2022,13,24,2,166,NEU,0.2195361256599426,0.7767119407653809,0.0037519275210797,others,0.0028056765440851,0.0390500761568546,0.0917113497853279,0.0292609725147485,0.0247123874723911,0.0435230322182178,[],0.0721147879958152,0.0090000089257955,0.0428536124527454
1536454258081599488,Lic.gallardo,Licgallardo6,2022-06-15 13:08:13+00:00,"En ""M P"" nos acompa√±o Gonzalo Galv√°n gerente de la sucursal 082 del Banco Credicoop, que nos dijo ""el cooperativismo debe ser dictado en las escuelas y eso no sucede"" https://t.co/bngtqYjmO1",Lic. Ciencia pol√≠tica,8,59,6,0,False,15,6,2022,13,24,2,166,NEU,0.077006384730339,0.9162538051605223,0.0067397532984614,others,0.005460100248456,0.0026143249124288,0.0030446790624409,0.0028599521610885,0.0009761968976818,0.0012106316862627,[],0.0111952684819698,0.0092901987954974,0.0108651937916874
854399711477977088,Pablo,BarbaroPablo,2022-06-15 12:52:31+00:00,@DEBORAHKAHAN1 @infobae Credicoop,west side,141,1151,18208,0,False,15,6,2022,12,24,2,166,NEU,0.0291276816278696,0.9665082097053528,0.0043640965595841,others,0.0233571287244558,0.0242569465190172,0.0182009357959032,0.0493091121315956,0.0158778633922338,0.0108046978712081,[],0.0381241180002689,0.015450875274837,0.0303185321390628
1418395715970215937,Wilson Hernando Cordoba,WilsonH42071347,2022-06-15 04:06:45+00:00,@LUISEROLAVE El hijo de la cabal es un mantenido que papito lafurie le da la tarjeta de cr√©dito y la mamita lo tiene como hijo bobo,"Que soy √∫nico,que Dios me da la vida la salud,puedo ser √∫til a otras personas y servir desinteresadamente",153,276,4042,0,False,15,6,2022,4,24,2,166,NEG,0.9876651763916016,0.0110349534079432,0.0012998551828786,anger,0.0049713845364749,0.0163891650736331,0.0106460321694612,0.6358734369277954,0.2307143956422805,0.0115400087088346,[],0.2003239393234253,0.1507793217897415,0.1140121594071388
258973151,Diario Tiempo,Tiempo9deJulio,2022-06-15 04:00:03+00:00,"CON UN GRATO ENCUENTRO
Banco Credicoop agasaj√≥ al periodismo local
https://t.co/8dsNeh96jm https://t.co/MjTFsJIyJz","Fundado el 1ero. de octubre de 1995 - 9 de Julio - Pcia. de Buenos Aires.

diario_tiempo@hotmail.com
Tel.: (02317) 430285
Libertad 759",2718,233,42913,25,False,15,6,2022,4,24,2,166,NEU,0.0370660834014415,0.6740869283676147,0.2888469994068146,others,0.1974946856498718,0.0070471684448421,0.022651083767414,0.0018336160574108,0.0017389142885804,0.0030226113740354,[],0.009197287261486,0.0132566792890429,0.0108557473868131
1319512986,ArmandüîÜ,dobleonadaE,2022-06-15 01:42:11+00:00,"Hoy Pedro, Guillermo y Claudia pueden contarnos su historia en el @agendaccc gracias a la lucha de @abuelasdifusion
Muy buena exposici√≥n organizada por las comisiones de socios del Banco Credicoop #MemoriaVerdadYJusticia https://t.co/eTmiwORVh8","Por una Argentina socialmente justa, econ√≥micamente libre y pol√≠ticamente soberana.",180,528,4622,0,False,15,6,2022,1,24,2,166,POS,0.0014185534091666,0.0108309239149093,0.9877505898475648,joy,0.9431059956550598,0.0024017752148211,0.0054096281528472,0.0016943516675382,0.0012505106860771,0.0010220217518508,[],0.0092184683308005,0.0074709537439048,0.0100601110607385
1136382379940073479,Hola soy Alem√°n,solopoltroktrik,2022-06-14 18:42:56+00:00,@Carlflo09 @MikeRey96552320 @CalebNNavarro Lo siento pero prefiero pagar $1 mensual para poder pagar mis viles en l√≠nea y no ir hacer largas colas en las agencias. Prefiero dar $1 al mes para poder andar mi dinero un poco m√°s seguro en tarjeta y comprar con ella o hacerme recargas que pago cabal $1 y no $1.10 en la calle.,"When you want it it goes too fast, when you hate it it always seems to last. but I always remember the crack what's in your damn heart",2302,173,6819,0,False,14,6,2022,18,24,1,165,NEG,0.8143461346626282,0.1778389662504196,0.0078149568289518,anger,0.018752921372652,0.0781596004962921,0.0060998392291367,0.5472440719604492,0.0640193149447441,0.0100698759779334,[],0.1646890938282013,0.0096940230578184,0.0890958234667778
572961981,Fabian Rivero üèÜüá∫üá¶,fmriverorc,2022-06-14 18:21:22+00:00,"@carctenaccio @deerrece Me hiciste acordar al abogado ese pelado horrible , se comi√≥ una apretada en la puerta del banco Credicoop y se borr√≥ de todos lados. Xq a dem√°s de garcas e ineptos, son cagones.","Que nunca empalidezcan tus blasones, que siempre brille el s√≠mbolo triunfal ‚úäüèº",296,202,9279,0,False,14,6,2022,18,24,1,165,NEG,0.9985349178314208,0.0009283233084715,0.0005367300473153,anger,0.0034540544729679,0.0106777204200625,0.0021762147080153,0.7377023696899414,0.2250835746526718,0.0057556182146072,[],0.0446179993450641,0.0221860948950052,0.0736405253410339
1214984560431251456,COOPERATIVA KA¬¥ARU PORA LTDA,KaaruporaLtda,2022-06-14 15:59:46+00:00,"Solicita ya tu Tarjeta de Cr√©dito Cabal de la Cooperativa Ka¬¥aru Pora Ltda y comenza a disfrutar de todos sus beneficios üí≥‚úÖ

¬°Comun√≠cate ya!
üì≤Dpto. de Tarjetas
(0983) 330 349 https://t.co/jeadLZ8W1i","Somos una Cooperativa al Servicio de la comunidad y de sus Socios, trabajando con Transparencia, Responsabilidad, Innovaci√≥n y SolvenciaüåÑ
Contacto:(021)452 740",132,36,399,0,False,14,6,2022,15,24,1,165,NEU,0.0090496726334095,0.9312912821769714,0.0596590191125869,others,0.1382678002119064,0.0064634433947503,0.0134829897433519,0.0057570254430174,0.0035903840325772,0.0051922500133514,[],0.0128130931407213,0.0158776361495256,0.015063103288412
118568692,Federico Martelli ‚úåüá¶üá∑üáÆüá©,MartelliFede,2022-06-14 15:57:41+00:00,@FerRadio Si te dicen algo pod√©s decir que son dwl Banco Credicoop.,"#Bilardista
Pap√° de Ferm√≠n y Carmela.
Sec Gral del MUP #GrupoCallao.
üáÆüá© @edelpoficial.
üõ¢ Energ√≠a&Comunicaci√≥n.
#LaPlata #MonteCaseros",4577,1350,13565,14,False,14,6,2022,15,24,1,165,NEU,0.0782307684421539,0.9187259078025818,0.0030432897619903,others,0.0037298761308193,0.0137386517599225,0.0110728312283754,0.0079015288501977,0.0048361760564148,0.0080088442191481,[],0.0447133146226406,0.008054387755692,0.0306353289633989
908343333088620545,Turismo Cabal,TurismoCabal,2022-06-14 13:26:18+00:00,"üß≥Empez√≥ la #PromoCredicoop üï∂ Hasta el viernes 17/6
üìå Ten√©s 15% de ahorro* si compr√°s en 1 pago con tarjetas del #Credicoop cualquier servicio, en Argentina o en el exterior
üî•Con Cabal Credicoop, adem√°s ten√©s 12 cuotas sin inter√©s para viajar en Argentina
*tope $6.000 x cuenta https://t.co/Pam9kvHlr2",,255,246,2201,2,False,14,6,2022,13,24,1,165,NEU,0.0082715069875121,0.9574942588806152,0.0342342257499694,others,0.0496740452945232,0.0172838196158409,0.0128720616921782,0.0046063819900155,0.0033686116803437,0.0051065110601484,[],0.0386757925152778,0.0122100813314318,0.029969148337841
348811935,Diario Cadena Nueve,CadenaNueve,2022-06-14 11:54:41+00:00,Banco Credicoop- Filial Nueve de Julio- agasaj√≥ a la prensa ante el d√≠a ... https://t.co/rd4b3zJ1iW a trav√©s de @YouTube,Desde 1973 informando a Nueve de Julio y a la regi√≥n. LT33 Cadena Nueve AM 1560/ M√°xima FM 89.9/Diario Cadena Nueve Premio CADUCEO/17 'Mejor Portal de Noticias',3649,502,26216,17,False,14,6,2022,11,24,1,165,NEG,0.8353146314620972,0.1557886898517608,0.0088966274634003,others,0.0022277974057942,0.0069815968163311,0.0105613833293318,0.0046945051290094,0.0026333874557167,0.0043786782771348,[],0.0083273751661181,0.0169319864362478,0.0110788717865943
1512549923232915457,Salto News OK,saltonewsok,2022-06-14 11:05:00+00:00,"üëâSi sos estudiante del nivel secundario de un colegio p√∫blico o privado del partido de Salto, te invitamos a participar del Concurso Literario Cooperativo, que organizamos juntoüí™al Banco Credicoop.

#SNOK #SaltoNewsOK #CooperativaInforma #ConcursoLiterario https://t.co/HSPQOBPAHh",üíªUn diario con todas las letrasüì±,10,0,366,0,False,14,6,2022,11,24,1,165,NEU,0.0143152698874473,0.9411859512329102,0.0444988124072551,others,0.1739150285720825,0.0027375954668968,0.0028159259818494,0.0020221832673996,0.0010482497746124,0.0009931805543601,[],0.0103919422253966,0.0094221355393528,0.0108539033681154
191396886,Infonueve,DiarioInfonueve,2022-06-14 03:09:15+00:00,"Banco Credicoop agasaj√≥ a la prensa
Tras la celebraci√≥n del D√≠a del Periodista y luego de la pandemia, la entidad local comparti√≥ presencialmente su tradicional cena con los representantes de medios.
 https://t.co/gQq9PpDadI","Sitio web de noticias especializado en 9 de Julio, la region el pa√≠s.
Seguinos en https://t.co/8eeaRAusaa  IG
@Infonuevedg
L√©enos en https://t.co/lOPHKJqWrs",4268,2360,16052,32,False,14,6,2022,3,24,1,165,NEU,0.0413326174020767,0.9356641173362732,0.0230032801628112,others,0.0328058488667011,0.0038989151362329,0.0043369932100176,0.0018324386328458,0.0008670996176078,0.0008763699443079,[],0.0088550522923469,0.0131935123354196,0.0104634659364819
1264336141983121408,Michele Piquet,MichelePiquet2,2022-06-14 00:58:51+00:00,"C√≥mo tuiter es servicio, pregunto alguien tiene tarjeta de d√©bito Cabal? Me lleg√≥ la nueva tarjeta es Cabal o problemitas, no es aceptada en algunos comercios! Alguien tiene?","Rematadora y Operadora Inmobiliaria
T√©cnica en Adm.P√∫blica.
De izquierda FRENTE AMPLIO",1857,2017,17586,2,False,14,6,2022,0,24,1,165,NEU,0.4108226299285888,0.587219774723053,0.0019576118793338,others,0.0051873144693672,0.0135105187073349,0.0150626748800277,0.0165067240595817,0.0047122337855398,0.006464647129178,[],0.0574306547641754,0.0126987127587199,0.024097578600049
420738821,walter torchio,wtorchio,2022-06-14 00:02:14+00:00,"Esta tarde entregado elementos destinados al merendero del @VerdedeCasares.
Gracias a la colaboraci√≥n de la Fundaci√≥n del Banco Credicoop. https://t.co/sXCgbeLkq9","Senador Provincial por el @FrenteDeTodos
Intendente de Carlos Casares (2011-2021), 
Escribano. Productor Agrop.Hincha de Independiente y amante de los viajes.",3409,367,10486,58,False,14,6,2022,0,24,1,165,POS,0.0065887388773262,0.0511386878788471,0.9422726035118104,joy,0.7754930853843689,0.0085268160328269,0.0077823577448725,0.0071057989262044,0.002833635546267,0.0024033449590206,[],0.0118370195850729,0.0114430068060755,0.0123991314321756
760661595433435136,Cecilia,fmc0963,2022-06-13 22:14:37+00:00,"@martintetaz @Traductor__ No es verdad. No todos somos contribuyentes. Hay gente c privilegios. Los politicos no pagan ganancias sobre todo lo q cobran, la justicia no paga ganancias y estan entre los sueldos mas altos, Bco credicoop no paga imp. Y despues hablan de equidad!! No tienen verguenza. Todos!!!",,231,1275,33464,3,False,13,6,2022,22,24,0,164,NEG,0.9966710209846495,0.0027461708523333,0.0005829280125908,anger,0.0083972681313753,0.0345635898411273,0.0051724663935601,0.7433273196220398,0.1795934736728668,0.0067282170057296,[],0.240727886557579,0.0051504452712833,0.1018672436475753
587455291,LA 990,La990Radio,2022-06-13 19:43:59+00:00,"üéôÔ∏èAHORA | Carlos Heller, Presidente del Partido Solidario y del Banco Credicoop, con Pablo Caruso (@carusopablo) y el equipo de @quevuelvanradio.

üì≤Te leemos en el 113828 0990

üíªEscuchanos en nuestra web: https://t.co/j5YjponWPc https://t.co/TI1M1bLoKc","üì≤  11-3828-0990
FB:  https://t.co/2zkXCxmHI3
IG:  https://t.co/Z1Mz2EYH37
üì© redesam990@gmail.com
üì± https://t.co/TgU3Lfj0jW
üéß Spotify: AM",8618,1137,96211,109,False,13,6,2022,19,24,0,164,NEU,0.0320652201771736,0.9299511909484864,0.0379836298525333,others,0.0245213229209184,0.0027462802827358,0.0050733149982988,0.0014919672394171,0.0013534233439713,0.0019483387004584,[],0.0085993818938732,0.0131562044844031,0.0125458128750324
152801620,Marcela F.S. üêæüêæ,marcedePqueChas,2022-06-13 19:29:41+00:00,"@SilvinhoSx @rimaesbe Estoy esperando aprobacion para cambio de Bco. no me queda otra, que el otro horrible Credicoop, a cual peor.
Nacion es el unico que no hace tanto lio con Fe de vida, mepa...","V. Urquiza- Pque Chas- Adicta a la musica ochentosa, amo los animales y me re jode la injusticia! AKD RACING CLUBüíô !üêæüê©üê©üò∏",301,256,39548,17,False,13,6,2022,19,24,0,164,NEU,0.4873869717121124,0.5109474062919617,0.0016655911458656,others,0.0105379987508058,0.0887366756796836,0.0523247942328453,0.1327911615371704,0.0878408998250961,0.0389575660228729,[],0.3057411909103393,0.0196692682802677,0.1367656737565994
37133068,silvinho,SilvinhoSx,2022-06-13 18:11:36+00:00,"@marcedePqueChas @rimaesbe Seg√∫n me dicen, Credicoop tambi√©n. Hab√≠a un proyecto de vincular novedades Renaper y Anses en l√≠nea, y se dejaba de lado la supervivencia dejando vigentes los beneficios hasta tanto se registre act de defunci√≥n, pero todav√≠a‚Ä¶ no vi nada de eso",No estoy para tolerar a due√±os absolutos de la verdad; insultos=denuncia + block. Quien avisa...,330,734,12446,1,False,13,6,2022,18,24,0,164,NEU,0.1433997303247451,0.8527430891990662,0.0038571327459067,others,0.0019497827161103,0.0264564398676157,0.013693755492568,0.008649505674839,0.0044803149066865,0.0062233633361756,[],0.0206399206072092,0.0086652804166078,0.0157504249364137
175083797,SIIP UNCuyo,SIIP_UNCUYO,2022-06-13 17:05:21+00:00,La @UNCUYO firm√≥ un acuerdo de adhesi√≥n con el Banco Credicoop para facilitar posibilidades de financiamiento a proyectos e iniciativas de investigaci√≥n cient√≠fica. La acci√≥n se enmarca en un convenio suscrito en 2020 entre la entidad bancaria y el @CINoficial. https://t.co/ueO2Xqy8Us,"Secretar√≠a de Investigaci√≥n, Internacionales y Posgrado de la UNCuyo. Seguinos en #Facebook y en #Instagram #SoyInternacional #SoyUNCUYO",1767,551,3545,11,False,13,6,2022,17,24,0,164,NEU,0.0412780158221721,0.7610512375831604,0.1976706981658935,others,0.032004989683628,0.0036933282390236,0.0074540222994983,0.004070303402841,0.001397946383804,0.0015243852976709,[],0.0101522924378514,0.0110837677493691,0.0103808315470814
1418688090802204675,üçí ivana,1vana_a,2022-06-13 15:48:00+00:00,"Banco chocopop dijo Luci,no era credicoop",,59,54,1337,0,False,13,6,2022,15,24,0,164,NEU,0.2252636551856994,0.7691994905471802,0.0055368971079587,others,0.0087304385378956,0.0188037734478712,0.0149653060361742,0.0088423006236553,0.0073882420547306,0.0049699041992425,[],0.0741272643208503,0.0362717993557453,0.0405346639454364
299426905,Perelius,Perelius,2022-06-13 14:29:13+00:00,@CarlosHeller Xq el banco Credicoop no paga impuestos Carlos ??? https://t.co/y5kW4U8sTF,"CPN ( Carrera al pedo , estudien algo √∫til), Mfin y Robo con BI",133,967,13731,2,False,13,6,2022,14,24,0,164,NEG,0.7571533918380737,0.2407620102167129,0.0020845679100602,others,0.0056022116914391,0.0311213061213493,0.0339917540550231,0.1624756008386612,0.0492923855781555,0.021935973316431,[],0.0387387461960315,0.0139913195744156,0.032185886055231
18133945,Diego Fraga,diegotefraga,2022-06-13 12:29:20+00:00,"@CarlosHeller Carlos, cu√°ndo va a pagar impuestos la renta espectacular de tu banco, el Credicoop?

Es tremendamente f√°cil redistribuir la del otro","IG: die.gofraga ‚öñÔ∏èBoga tributarista üèõDoy clases en Maestr√≠a en Der. Tributario de @AustralDerecho,escribo y doy charlasüëâüèª‚ÄúNing√∫n ni√±o nace tributarista‚Äù üá∫üá¶",9519,4711,51147,94,False,13,6,2022,12,24,0,164,NEG,0.9984012246131896,0.0012901936424896,0.0003086562501266,anger,0.0039987247437238,0.0213910657912492,0.0126565182581543,0.750117838382721,0.0938465148210525,0.0075328419916331,[],0.1406733393669128,0.0146072525531053,0.070987693965435
521560019,favio perez,favionorperez,2022-06-13 11:24:16+00:00,@CarlosHeller El banco credicoop paga?,,31,73,2166,0,False,13,6,2022,11,24,0,164,NEU,0.011602115817368,0.9864954948425292,0.0019024463836103,others,0.0123109947890043,0.0264713745564222,0.0941931158304214,0.0359745845198631,0.0149758905172348,0.0170035660266876,[],0.0511043108999729,0.0170862153172492,0.0248067881911993
888367023755071488,"Jüí´RGI7‚ò¢Ô∏è, cansao del √©xito...üá¶üá∑ 42%!!",UnRenegau,2022-06-13 00:37:19+00:00,Basta de la banderita del Banco Credicoop!!!! https://t.co/EtejSLerpq,"No existe el Kuka arrepentido‚úåüèø‚úåüèø
Como asado 2 veces por semana a pesar del Gobiernoüí™üèª
Tratando de reversionarme a diario no discuto de lo que no s√©
#Basta!",1167,1362,6829,1,False,13,6,2022,0,24,0,164,NEG,0.98487389087677,0.0118148233741521,0.0033112792298197,anger,0.0136933159083127,0.0148714128881692,0.0092153688892722,0.7754552364349365,0.10154889523983,0.009348664432764,[],0.0996470376849174,0.0114723425358533,0.0817979201674461
413292671,Sorghum halepense,SorgoDeAlepo,2022-06-12 19:33:00+00:00,"@VdeValentino Credicoop, lo hicieron con la 486 y el Logo",,189,624,639,0,False,12,6,2022,19,23,6,163,NEU,0.0230391453951597,0.9751474857330322,0.0018133104313164,others,0.0057244421914219,0.0253248456865549,0.0167890004813671,0.015947138890624,0.0091341910883784,0.0088439928367733,[],0.0301782079041004,0.0115012191236019,0.0162258874624967
1492347292338241546,Lucho,PauerLuciano,2022-06-12 19:19:09+00:00,@VdeValentino El peor es Credicoop ni a mercadopago o uala te deja transferir,,3,91,344,0,False,12,6,2022,19,23,6,163,NEG,0.9983987212181092,0.0012967671500518,0.0003044741752091,others,0.0052881394512951,0.1050325334072113,0.0143769532442092,0.2836620807647705,0.0630104020237922,0.02901441603899,[],0.0590013153851032,0.0130960093811154,0.0422922857105731
1112925167225892864,√Ångela Ca√≠da,asperaprocella,2022-06-12 19:18:30+00:00,"No cambies nunca, Banco Provincia.

(El Naci√≥n, el Ciudad y el Credicoop no tienen mejor mantenimiento.) https://t.co/fcrAsCbCzd","'Yo, √Ångela, pelotudo'
Les dije que me sent√≠a mal (ex @asfilippini)
Pamela, Calvin, Arroway, Piccolo, Ripley, Connor
she/her/ella/pava/zonza/est√∫pida
NF F NS NC",1450,2371,124376,1,False,12,6,2022,19,23,6,163,NEG,0.850087583065033,0.1326173543930053,0.0172950848937034,others,0.0107584707438945,0.0271517038345336,0.003638646332547,0.0049562100321054,0.0016752895899116,0.002374346833676,[],0.0436124205589294,0.0101087791845202,0.0273381769657135
1436304339686076419,Carlos Figueroa,CarlosF79596598,2022-06-12 16:27:27+00:00,@guadavazquez Que merito tiene este personaje para estar en el congreso portacion de apellido de padres chorros nada mas porque no aporta nada solo genera impuestos con el banquero del credicoop que chiquitos nuestros politicos,Ser leal,3,8,288,0,False,12,6,2022,16,23,6,163,NEG,0.9987107515335084,0.0008940230472944,0.0003953061823267,anger,0.0086940173059701,0.0157734397798776,0.0286216549575328,0.4495339393615722,0.3858943581581116,0.0150089701637625,[],0.0973887667059898,0.0102435769513249,0.0699578449130058
1228014332392484875,El Errante.,ElTrollErrante,2022-06-12 15:28:44+00:00,"@CarlosHeller Che, Carlitos. Y vos que manejas Leliq con unas tasas disparatadas, me parece que hay una linda ""renta inesperada"" ahi

El Estado paga un 47 TNA y el credicoop ofrece un 39 TNA por los plazos fijos","PhD en Tecnologia . ex-CONICET

Pro Humanidad y valores

Los ni√±os y los abuelos primero",963,1050,16672,5,False,12,6,2022,15,23,6,163,NEG,0.5871572494506836,0.4075709879398346,0.0052718082442879,others,0.0041962657123804,0.0126151787117123,0.0445471554994583,0.0077178194187581,0.0072564808651804,0.0145804602652788,[],0.1974638104438781,0.0141217485070228,0.0884637013077735
208669899,Daniel Prato,elunicohermano,2022-06-12 14:03:31+00:00,"Si sos productor agropecuario y todav√≠a no cerraste tu cuenta en el Credicoop, sos c√≥mplice de este impresentable. https://t.co/6Q8UROntaD","Analista programador, Empleado y productor agropecuario de 4ta generaci√≥n",127,307,2071,0,False,12,6,2022,14,23,6,163,NEG,0.9974650144577026,0.001838891999796,0.0006961100152693,anger,0.0026792373973876,0.0131905945017933,0.0049424688331782,0.7502826452255249,0.1762524247169494,0.008819512091577,[],0.008765016682446,0.0096132513135671,0.0119137475267052
194604017,Cachica,diegorafaelgrau,2022-06-12 13:14:03+00:00,"@VdeValentino Peor HSBC
MEJOR CREDICOOP","Apasionado de las Finanzas. Mis tweets son solo opiniones, no soy asesor financiero.",40,1001,853,3,False,12,6,2022,13,23,6,163,NEG,0.9720887541770936,0.0267147216945886,0.0011964291334152,others,0.0197626929730176,0.0455756336450576,0.0366418026387691,0.0721942335367202,0.0430605374276638,0.0196623653173446,[],0.0663017630577087,0.0137314284220337,0.047488696873188
346236483,AcontecerDeportivoB,AcontecerDeport,2022-06-12 05:45:24+00:00,"Senior B
BARONIO PCIA B 7   
KESSELER V ALSINA 5   
DEL VALLE CIUDAD 4   
SANCHEZ CREDICOOP 4   
DAHER V ALSINA 4   
GARCIA LA RENATA 4
Senior A 
GARAYCOCHEA BCRA B 12       
SHAIEB HARRODS 10       
CORBELLA LA CAJA 9
üëá",Programa de radio que se emite por la AM830 RADIO DEL PUEBLO todos los sabados de 20 a 21 hs destinado a resaltar la actividad deportiva Bancaria,189,1131,3638,0,False,12,6,2022,5,23,6,163,NEU,0.0312335975468158,0.9579798579216005,0.0107865575700998,others,0.0241745822131633,0.0024005868472158,0.005476841237396,0.0011938615934923,0.000920049031265,0.0014054228086024,[],0.0209371577948331,0.0110314888879656,0.0176004078239202
346236483,AcontecerDeportivoB,AcontecerDeport,2022-06-12 05:45:23+00:00,"Goleadoras/es  FUENTE https://t.co/eWRMpqNp77
Femenino 
CARDOZO CREDICOOP  10
MORENZA PCIA BS AS  10 
SANDRIGO  NACION 8
Senior 
Senior C 
FERNANDEZ ITAU B   6   
LOSADA ITAU B   6   
RAMIS CIUDAD B   5
üëáüëá",Programa de radio que se emite por la AM830 RADIO DEL PUEBLO todos los sabados de 20 a 21 hs destinado a resaltar la actividad deportiva Bancaria,189,1131,3638,0,False,12,6,2022,5,23,6,163,NEU,0.031841117888689,0.9531154036521912,0.0150434225797653,others,0.0266669057309627,0.0014253355329856,0.0036389881279319,0.0005256236181594,0.0005496502271853,0.0008397706551477,[],0.0202865563333034,0.0115253739058971,0.0153911262750625
346236483,AcontecerDeportivoB,AcontecerDeport,2022-06-12 05:43:27+00:00,"Femenino
Fecha 07  
2 NACION vs ICBC  0   
0 HSBC vs PCIA BS AS  2   
2 BCRA vs FRANCES 3   
10 CREDICOOP vs LA BANCARIA 1
Senior 
Senior B
11/06/2022         
POSTERGADOS   
0 FRANCES vs CLUB FENIX 7
üëá",Programa de radio que se emite por la AM830 RADIO DEL PUEBLO todos los sabados de 20 a 21 hs destinado a resaltar la actividad deportiva Bancaria,189,1131,3638,0,False,12,6,2022,5,23,6,163,NEU,0.0569937862455844,0.9376684427261353,0.0053377281874418,others,0.0116334725171327,0.002484121825546,0.0031820253934711,0.0009649915155023,0.0007315758266486,0.0008858735673129,[],0.0385411269962787,0.0128297805786132,0.0257225129753351
177641139,Atl√©tico Nacional,nacionaloficial,2022-06-12 02:18:05+00:00,"Mil üÜö Nal |‚è±Ô∏è| 70‚Äô | 0-0 | Tarjeta amarilla üü® para Juan David Cabal.  

#MinutoAMinutoVerdolaga üá≥üá¨üá≥üá¨",Cuenta oficial del Club Atl√©tico Nacional / El m√°s grande y popular de Colombia.,2906349,41,63853,2723,True,12,6,2022,2,23,6,163,NEU,0.1377429366111755,0.8568206429481506,0.0054364749230444,others,0.0733381211757659,0.0028069750405848,0.0057866126298904,0.0015879478305578,0.0011336278403177,0.0009778561070561,[],0.0304581597447395,0.0286163724958896,0.0283376928418874
623354724,üá≥üá¨NOTICIAS DEL VERDEüá≥üá¨,NOTICIASDEVERDE,2022-06-12 02:17:30+00:00,"‚è±Ô∏è70': Tarjeta amarilla para Juan David Cabal. #VamosNacional #VamosPorLa17 

#Millonarios 0 - 0 @nacionaloficial

En vivo: https://t.co/8EUr0p2yMm","Sitio dedicado a @NacionalOficial. Noticias, im√°genes y v√≠deos del m√°s grande de Colombia.üá≥üá¨‚öΩÔ∏èüíöüí™üèÜ",174571,147,88485,172,False,12,6,2022,2,23,6,163,NEU,0.0314289554953575,0.905505359172821,0.0630656480789184,others,0.0183825269341468,0.0015553809935227,0.0065287030301988,0.000838924665004,0.0005991171346977,0.001147297094576,[],0.0144061762839555,0.017226567491889,0.0139684583991765
986017559400079360,Juli√°n Fiumara,Julianfiumara_,2022-06-12 01:40:27+00:00,@VdeValentino El peor Credicoop.,,161,908,1110,0,False,12,6,2022,1,23,6,163,NEG,0.998236894607544,0.0011197964195162,0.0006433136295527,anger,0.0070244995877146,0.0290082208812236,0.014943741261959,0.6387693881988525,0.1730837672948837,0.0229956470429897,[],0.0432063490152359,0.0102869709953665,0.0348082594573497
149595417,„Ç¨„Éñ„É™„Ç®„É´ o Gaby üêá,gaburierus,2022-06-11 23:37:38+00:00,"@VdeValentino @FinancialBeard credicoop, si no le pon√©s un el guion entre medio del cbu no lo toma. Un copy paste es una tortura.","Busca en mi TL, Muchas veces escribo lo que pienso, otras, lo que piensa mi otro yo.",948,4271,38839,11,False,11,6,2022,23,23,5,162,NEG,0.9974027276039124,0.0022077029570937,0.0003894746769219,anger,0.0029628556221723,0.0226449817419052,0.0087066898122429,0.6218695044517517,0.1418540030717849,0.0171655975282192,[],0.0157820209860801,0.0072754682041704,0.0126817990094423
322643542,ùî∏‚Ñùùî∏ùïÑùî∏ùïãü™©,thefrstrenegade,2022-06-11 22:51:35+00:00,@Lucholbra @benson__mike @tnlopez_ @VdeValentino Credicoop too,I don't play I slay,1227,782,55772,10,False,11,6,2022,22,23,5,162,NEU,0.0324372202157974,0.9606598019599916,0.0069030066952109,others,0.0259375423192977,0.0355470776557922,0.0243959445506334,0.0746660754084587,0.0263396371155977,0.014092874713242,[],0.0407325327396392,0.0162563845515251,0.0276433750987052
1235393502009266180,Mr Paul,mrpaultrade,2022-06-11 22:32:08+00:00,@VdeValentino Credicoop,"""Perseguidor de rentas extraordinarias"" 
Merchant lost in the Metaverse
#DeFi #WGMI",4649,839,8131,62,False,11,6,2022,22,23,5,162,NEU,0.034023106098175,0.955715000629425,0.010261908173561,others,0.0446786507964134,0.0346509218215942,0.0330257080495357,0.0420790798962116,0.0172261483967304,0.0149069614708423,[],0.098074696958065,0.0381121039390563,0.0784152820706367
1199493090173698048,FINANCIAL BEARD,FinancialBeard,2022-06-11 22:27:37+00:00,"@VdeValentino El del Credicoop, parece un programa random de Windows 98'",Inversor Growth y otras falopas.,1946,471,6016,27,False,11,6,2022,22,23,5,162,NEG,0.9369551539421082,0.0608879812061786,0.0021569312084466,others,0.0124877886846661,0.0164051949977874,0.0909267961978912,0.0177740510553121,0.0132492082193493,0.0174644868820905,[],0.0290715042501688,0.0107043869793415,0.0192106515169143
74549854,Mar√≠a Rosa,rosacambria,2022-06-11 16:21:53+00:00,"@PauliJalil 
TEATRO ENKOSALA GLADYS RAVALLE
Teatro de Cuyo Asociaci√≥n Civil
CUIT/CUIL:
 30-71122879-5
Banco Credicoop
CBU:
1910113455011300859328
Cuenta corriente
Argentina
Mercado pago
2615988143",,36,105,406,0,False,11,6,2022,16,23,5,162,NEU,0.0071463813073933,0.9833784699440002,0.0094751492142677,others,0.1233289614319801,0.0069192838855087,0.0048951478675007,0.0032314120326191,0.0020290189422667,0.002690834691748,[],0.0145405866205692,0.0166127663105726,0.0171290542930364
908343333088620545,Turismo Cabal,TurismoCabal,2022-06-11 14:34:15+00:00,"üß≥‚úàÔ∏è‚õÑÔ∏è¬°Oferta en A√©reos a #Bariloche!‚òÄÔ∏è
üì£ Desde $24.064 o 9 cuotas de $2.647 con Cabal Credicoop
üï§Viajamos en septiembre
M√°s info en https://t.co/SWhq6QK1qW‚òù https://t.co/lYZhkRR4H4",,255,246,2201,2,False,11,6,2022,14,23,5,162,NEU,0.0073384786956012,0.9608032703399658,0.0318582989275455,others,0.186702474951744,0.0112793399021029,0.014928275719285,0.0034513100981712,0.0035772190894931,0.0056619588285684,[],0.0248455759137868,0.0118912318721413,0.0262288469821214
1507489354024833026,Tresalaireok,tresalaireok,2022-06-11 12:51:57+00:00,"En un rato nom√°s, a las 12, arranca otro programa de TRES AL AIRE. En el espacio Sindical, nos visita Nicol√°s Finoli, primer delegado de la CGI del Banco Credicoop. Escuchanos por https://t.co/crpAQtekTr 
@SergioOPalazzo @meupadin https://t.co/R5CTjGHGQB",,22,54,83,0,False,11,6,2022,12,23,5,162,NEU,0.0415062941610813,0.8231267929077148,0.1353668570518493,others,0.0165327489376068,0.0032547495793551,0.005180018953979,0.0023170269560068,0.0010685257147997,0.0015683179954066,[],0.0080874310806393,0.0092950984835624,0.0102061303332448
342162987,un fideo parlanchin,fideojerry,2022-06-11 11:23:37+00:00,"Mis gustos est√°n perfectamente delimitados.

No escucho a Fito P√°ez
No me rio con Dady Brieva
No miro a VeronIca Lozano
No como aceitunas Nucete
No tengo cuenta en el Credicoop
No me informo con C5N ni AM750
No veo productos con Echarri
No consumo Mierda.",Un NO como respuesta a todo.,6638,188,9027,52,False,11,6,2022,11,23,5,162,NEU,0.1620412915945053,0.8072124719619751,0.0307462513446807,others,0.2521452605724334,0.0071199028752744,0.0142954057082533,0.0334838815033435,0.0190714728087186,0.0035916930064558,[],0.0310263950377702,0.0075885411351919,0.0221083033829927
497390367,La Posta Cultural,LaPostaCultural,2022-06-11 01:18:12+00:00,"#ENKOSALAGLADYSRAVALLE
Los que deseen colaborar podr√°n hacerlo en las siguientes cuentas:
‚úîÔ∏èTeatro de Cuyo Asociaci√≥n Civil
CUIT/CUIL: 30-71122879-5
‚úîÔ∏èBanco Credicoop
CBU: 1910113455011300859328
Cuenta corriente 
‚úîÔ∏èMercado pago
Cel: 2615988143 https://t.co/zAha1D9lXz",Programa de radio. Entrevistas y coberturas. Mucho Rock yTeatro. Viernes de 21 a 23hs en @elotromundo_ por @radionihuil FM98.9 https://t.co/IbA8ObVthH,1443,1104,6315,8,False,11,6,2022,1,23,5,162,NEU,0.0139429140836,0.9701445698738098,0.0159125756472349,others,0.0391756035387516,0.0048714913427829,0.003213807940483,0.0026550695765763,0.0014385737013071,0.0020607805345207,[],0.0157626643776893,0.0088749360293149,0.0182064250111579
858482318,Emma,Emmanuelsalem,2022-06-10 23:41:50+00:00,El lugar que dej√≥ el banco Credicoop de Lavalle es el ideal para un burger king,,76,900,601,0,False,10,6,2022,23,23,4,161,POS,0.0046332301571965,0.0827841982245445,0.9125825762748718,others,0.0060912547633051,0.0057412101887166,0.0258168894797563,0.0008335196180269,0.0012135539436712,0.0054059661924839,[],0.0237622912973165,0.0100433994084596,0.01645571552217
1213253550488182784,ale,ale_bzz,2022-06-18 03:48:24+00:00,"@FMilanessi @ParaAcetamola En CABA suele pasar siempre en algunos bancos como Credicoop.
Banco Naci√≥n te da los de $1000 reci√©n salidos del horno, cuasi almidonados.",H√°ganse cargo.,45,105,10826,0,False,18,6,2022,3,24,5,169,NEU,0.3782052397727966,0.6185255646705627,0.0032692535314708,others,0.0114530557766556,0.0380431115627288,0.0110656898468732,0.0358601547777652,0.0138151533901691,0.0133666871115565,[],0.0883510112762451,0.005225125234574,0.0368325188755989
170335381,Antonio,vocesdelibertad,2022-06-18 05:33:03+00:00,"@WRadioColombia Siguen con la ciza√±a?,la bruja cabal ha sido grotesca y uds jamas le han sacado tarjeta,estos ataques dan mas votos a petroü§î","consultor de proyectos sociales, planeacion de proyectos de participacion ciudadana, cultura ciudadana, control ciudadano.presidente ASOCOREC-Antiuribista",2311,5002,34982,5,False,18,6,2022,5,24,5,169,NEG,0.9879042506217957,0.0106664663180708,0.0014293215936049,anger,0.003205357119441,0.0177148785442113,0.0198247767984867,0.4640678763389587,0.4209075570106506,0.0257132612168788,[],0.1307055354118347,0.0602093413472175,0.0722559466958046
928215826733391874,Jorge P√©rez A.,mlosornio,2022-06-18 11:21:50+00:00,"@edgerome Le sugiero leer el ranking de consultoras que presentan sus pron√≥sticos al BCRA (REM ). JP Morgan est√° en el n√∫mero 39 de 40 . La que m√°s acierta es Banco Credicoop ,sesguido de Miguel Broda &amp; asociados.",,60,38,453,1,False,18,6,2022,11,24,5,169,NEU,0.0189359541982412,0.9602235555648804,0.020840486511588,others,0.0088808462023735,0.0034264302812516,0.0082612494006752,0.001210042508319,0.0011663147015497,0.0034958703909069,[],0.0324368923902511,0.01429034024477,0.0210664309561252
239611244,JESUS C. LOZA CHOQUE,CONTIENDAPUNO,2022-06-18 15:58:12+00:00,#ContiendaDeportes #FullDeporte | Erick Edison Mamani DT de Credicoop sobre el partido con Cahusi√±os: ‚ÄúEs una final adelantada para ambos equipos favoritos a clasificar para la etapa nacional‚Äù  https://t.co/j18xyMc3ux,"NACI EN YUNGUYO, PERIODISTA DEPORTIVO, ME ENCANTA LA MUSICA SALSA Y LA DE RICARDO ARJONA, ME ENCANTA CONOCER CIUDADES Y AMIGOS Y AMIGAS",485,894,4239,5,False,18,6,2022,15,24,5,169,NEU,0.0054974746890366,0.914764165878296,0.0797383114695549,others,0.0103553747758269,0.001029887702316,0.0073960837908089,0.0004930522409267,0.0003804591251537,0.0009920672746375,[],0.0080981682986021,0.0102916080504655,0.0092401430010795
197844003,Pachamama Radio,PachamamaRadio,2022-06-18 15:56:38+00:00,Erick Edison Mamani DT de Credicoop sobre el partido con Cahusi√±os: ‚ÄúEs una final adelantada para ambos equipos favoritos a clasificar para la etapa nacional‚Äù https://t.co/TgnyodkUsg,"Medio de comunicaci√≥n, con informaci√≥n actual en tiempo real de todo el acontecer de la regi√≥n de Puno, Per√∫ y el mundo",7265,143,108081,108,False,18,6,2022,15,24,5,169,NEU,0.0077095311135053,0.9486879110336304,0.0436026044189929,others,0.0060328622348606,0.0014842983800917,0.0083017544820904,0.0005210640956647,0.0005134223029017,0.0015569301322102,[],0.0084401899948716,0.0102978562936186,0.009825206361711
262177562,KARINA VILLEGAS,KARILERNER,2022-06-18 15:48:14+00:00,"@mercadopago quiero mi dinero, hice una transferencia desde mi cuenta banco credicoop a mi cita mercado pago y no est√° acreditada. D√≥nde est√° mi dinero","MADRE DE 3 SOLES HERMOSOS GUILLERMINA QUE ME ILUMINA DESDE EL CIELO, Y ACA EN LA TIERRA FERCHI Y PABLO. 
CAMIONERAMENTE SIGO A ALEJANDRO LERNER",283,1076,7134,0,False,18,6,2022,15,24,5,169,NEG,0.968936324119568,0.0302115343511104,0.0008521196432411,anger,0.0092500653117895,0.0571760796010494,0.0319592468440532,0.4896984100341797,0.045582789927721,0.0206508245319128,[],0.0331727787852287,0.0150988139212131,0.0233850982040166
346236483,AcontecerDeportivoB,AcontecerDeport,2022-06-18 15:27:15+00:00,"Resultados Semana 11-18/06/2022
Master 
6 CREDICOOP vs CPSSB 1   
2 CEAMSE vs ICBC 4   
1 FRANCES   B vs LA   BANCARIA 3   
4 BCRA   B vs CIUDAD 1   
0 FRANCES   A vs ALA  2",Programa de radio que se emite por la AM830 RADIO DEL PUEBLO todos los sabados de 20 a 21 hs destinado a resaltar la actividad deportiva Bancaria,189,1129,3639,0,False,18,6,2022,15,24,5,169,NEU,0.1012937352061271,0.8883012533187866,0.0104050021618604,others,0.0201995577663183,0.002693967660889,0.0030552649404853,0.001204956555739,0.0006329366588033,0.0011660665040835,[],0.0546442866325378,0.0228986945003271,0.0501639321446418
727164775596183552,Telediario,telediarioar,2022-06-18 14:36:55+00:00,Catamarca: La secretar√≠a de Deportes firm√≥ un convenio con el Banco Credicoop https://t.co/uuI9fS2Egn,WhatsApp: 383 493-5425 | FanPage: https://t.co/4TT5ADP877 | IG: @telediario.com.ar | YTB: TELEDIARIO | Grupo FBK: TELEDIARIO,385,1536,17673,0,False,18,6,2022,14,24,5,169,NEU,0.0539416074752807,0.7938821911811829,0.1521761566400528,others,0.0181215554475784,0.0033108631614595,0.008503645658493,0.0025433732662349,0.0012149323010817,0.001601917669177,[],0.0080253221094608,0.0121596213430166,0.0085814846679568
1396273616694697986,perrovolpe | Calypso ArmyüéÆ,perrovolpe,2022-06-18 19:31:42+00:00,"@olivofertil Es todo una mentira, laburo en Credicoop. Ya fue la crito","Trader #P2P 

Si maduran los trigos florece el alma
y el que siembra se pudre y el due√±o canta.

Contacto en T√©legram: @perrovolpe",644,516,854,10,False,18,6,2022,19,24,5,169,NEG,0.901719093322754,0.0957863852381706,0.002494492335245,anger,0.0059233577921986,0.0233764108270406,0.0083924764767289,0.6513296365737915,0.2455481141805648,0.0108684366568923,"['hateful', 'targeted']",0.6533834934234619,0.5654334425926208,0.4950567483901977
1435583117931208710,Baires Centro,BairesCentro,2022-06-18 22:01:35+00:00,El Banco Credicoop anunci√≥ cr√©ditos para emprendedores y monotributistas https://t.co/lYCRPRezUP,Medio de comunicaci√≥n. Desde la ciudad de 25 de Mayo creamos contenido para el centro de la Provincia de Buenos Aires.,67,179,716,0,False,18,6,2022,22,24,5,169,NEU,0.0507295653223991,0.8822123408317566,0.0670581310987472,others,0.0183960702270269,0.0075117042288184,0.010374141857028,0.0065921274945139,0.0027192386332899,0.0038710494991391,[],0.0114947203546762,0.0111761391162872,0.0138160418719053
13128922,Fernando Cassia üíöüß°üá∫üá¶üíâüíâüíâ,fcassia,2022-06-19 05:06:25+00:00,Si BTC sigue cayendo al final te van a canjear una Lemon por la Cabal del Credicoop,"Writer,Computer Geek,Positive Troublemaker. INTJ https://t.co/GRtSXam7qb
Inform√°tico. Escribo s/Soft/Hard/Telcos
@TechRadar UK,The Register, TechDirt,TechEye,BSN",2315,4999,351566,672,False,19,6,2022,5,24,6,170,NEU,0.3726863265037536,0.624113142490387,0.0032005747780203,others,0.0077870665118098,0.0245058666914701,0.0284125115722417,0.0085162622854113,0.0055736345238983,0.0091185057535767,[],0.0767266377806663,0.017312129959464,0.0644262135028839
256835053,Gaby Ostrowsky,gabyOstro,2022-06-20 01:03:05+00:00,"@SebiTurtora DeNiro, CUI, Credicoop. Yo y unos miles de socios m√°s. Anda a hacerle una entrevista a la radio si tan periodista te crees. No voy a hacer t√∫ trabajo",,69,109,910,0,False,20,6,2022,1,25,0,171,NEG,0.9980350136756896,0.0014795365277677,0.0004853742138948,anger,0.0069726891815662,0.0232489518821239,0.007099371869117,0.6020862460136414,0.1195328012108802,0.0078451801091432,[],0.0194318238645792,0.0129078291356563,0.0236112847924232
919875162,Betobar,gauchotaso,2022-06-20 00:20:36+00:00,Chau Credicoop https://t.co/LE90oWGpKk,"Anti K.. acordate que se robaron vacunas, hicieron fiestas, te acusaban con el dedo, se afanaron la educacion y van por la libertad individual",4097,5001,43064,3,False,20,6,2022,0,25,0,171,NEG,0.9877647757530212,0.0100122261792421,0.0022230567410588,others,0.0553155727684497,0.0739632248878479,0.02612598054111,0.1723829805850982,0.0694350376725196,0.0139653254300355,[],0.1235475242137909,0.0235282536596059,0.1106490567326545
972911638994128901,Gaston,TongaArgento71,2022-06-20 00:19:38+00:00,@alwaysPicuelo @ArgentoBalsero @MartinStr247 El Credicoop !! La banca solidaria !!! Ja ja ja,,242,317,21341,0,False,20,6,2022,0,25,0,171,NEU,0.0088590681552886,0.9216771721839904,0.0694637894630432,others,0.1790068596601486,0.0172768477350473,0.1147903650999069,0.1178721040487289,0.0625396072864532,0.0194353107362985,[],0.0491479448974132,0.0176173001527786,0.041825171560049
2205328350,Exitosa Noticias,exitosape,2022-06-20 05:20:00+00:00,"üîµüî¥ ¬°Buenos d√≠as! üáµüá™
Esta es la portada de Exitosa Sur para hoy, lunes 20 de junio de 2022.

#Fonavi #Credicoop #Melgar #Castillo

üìª 95.5 FM
üì∫ 6.1 se√±al digital abierta
üì° 552 por Movistar
üåê https://t.co/thokv9xg2j https://t.co/A4tprfeFcI","Informaci√≥n minuto a minuto. Medio de comunicaci√≥n que informa con independencia y pluralidad. #Exitosa, #LaVozDeLosQueNoTienenVoz. https://t.co/BsJDK3T8iL",746449,889,242597,1007,False,20,6,2022,5,25,0,171,NEU,0.0077210790477693,0.9737594127655028,0.0185196101665496,others,0.0781648010015487,0.0017095655202865,0.0054891179315745,0.0010265324963256,0.0008414158946834,0.0011271775001659,[],0.0103810857981443,0.010492437519133,0.0135226678103208
3820328849,Arequipa Al D√≠a,ArequipaAlDia,2022-06-20 11:56:06+00:00,"INDIGNANTE.. Hip√≥lito Batallanos y Christian Batallanos, due√±os de la emisora neosenderista Radio Victoria de Arequipa, estafaron a miles de ahorristas que han depositado su dinero en #Credicoop, son favorecidos con miles de soles con Publicidad Estatal del gobierno de Castillo https://t.co/yjD5LJ6lGf",Noticias de la regi√≥n Arequipa,5057,5077,6309,20,False,20,6,2022,11,25,0,171,NEG,0.96075838804245,0.0378276519477367,0.0014139959821477,anger,0.0037790557835251,0.0230636708438396,0.0059066507965326,0.7493628859519958,0.1719429641962051,0.009486399590969,[],0.0224761068820953,0.0067878128029406,0.0248031765222549
395868299,Norberto,lavayennacecina,2022-06-20 13:42:34+00:00,Credicoop https://t.co/G19uh2viaS,Admirador del Quijote.,2631,2647,225613,8,False,20,6,2022,13,25,0,171,NEU,0.0506875924766063,0.934344470500946,0.0149679202586412,others,0.0476768985390663,0.0235254447907209,0.0282400790601968,0.0258294362574815,0.0117675075307488,0.0112033803015947,[],0.0828786715865135,0.0293099917471408,0.0652702748775482
730054862776324100,Fundaci√≥n Salud Inclusiva,ForoSaludMza,2022-06-20 13:14:46+00:00,"Recibimos con mucha felicidad y orgullo  la ""Distinci√≥n a Entidades de Car√°cter Social"" que entrega la Comisi√≥n de Asociados de la Filial Mendoza Centro del Banco Credicoop. 
Agradecemos a las autoridades de la Comisi√≥n y especialmente a nuestro compa√±ero Juan Carlos Cruz üá¶üá∑ https://t.co/Eya0DgEXHE","Herramientas para una Salud Comunitaria. La salud como un derecho igualitario para todos.
Web: https://t.co/i7IQyGLesv",1934,2878,11154,6,False,20,6,2022,13,25,0,171,NEU,0.0457186736166477,0.6103309392929077,0.3439503908157348,joy,0.977571189403534,0.0009332288173027,0.0020926231518387,0.0010118676582351,0.0008145423489622,0.0004884921945631,[],0.0099105201661586,0.0104264728724956,0.0113179897889494
1299779790266863617,Balsero Argento üñêüèº | üí™üèº MM23 | #FreeUkraine,ArgentoBalsero,2022-06-20 13:11:30+00:00,@alwaysPicuelo @MartinStr247 Credicoop,"Expulsamos talento, promovemos miseria. Esta Cuenta interact√∫a en el Idioma Oficial de Argentina, no utiliza Jerga de ning√∫n color. #SoyDel41%",7224,7802,93239,0,False,20,6,2022,13,25,0,171,NEU,0.0291277300566434,0.9665082097053528,0.0043641049414873,others,0.0233571138232946,0.0242569148540496,0.0182009320706129,0.0493090711534023,0.0158778503537178,0.0108046988025307,[],0.0381240993738174,0.0154508678242564,0.0303185246884822
2471004830,Penal Largo,penal_largo,2022-06-20 18:10:55+00:00,@vuelvoaIsur @Fjmedina Royer V√°squez de Credicoop San Rom√°n de Puno https://t.co/ds7L8IWtJm,"F√∫tbol ¬∑ Dise√±o ¬∑ Documentaci√≥n | En Penal Largo buscamos entender el f√∫tbol en otra dimensi√≥n, m√°s all√° de los 90 minutos.",2446,1204,19795,20,False,20,6,2022,18,25,0,171,NEU,0.0700740069150924,0.924120843410492,0.0058052353560924,others,0.0072259940207004,0.0043295165523886,0.0111737931147217,0.0048518166877329,0.0022147046402096,0.0030518434941768,[],0.0120941568166017,0.0138749498873949,0.0154830198734998
171845131,El Sat√©lite,oquinteroefe,2022-06-20 23:34:08+00:00,"BOLA DE CRISTAL 
Portafolio informa hoy, lunes festivo, que ""la elecci√≥n de Petro ha generado mucha incertidumbre en el mercado burs√°til"". Pero los analistas de Credicoop van m√°s all√° al anticipar una ca√≠da del mercado entre el 7 y 10%. As√≠ de irresponsables.","Periodista, escritor, columnista",4274,2838,20930,14,False,20,6,2022,23,25,0,171,NEG,0.9956725835800172,0.0039367256686091,0.0003907639766111,anger,0.0009288885630667,0.0244671218097209,0.0086739417165517,0.7043631672859192,0.0970268324017524,0.016487842425704,[],0.0524843744933605,0.0069124386645853,0.0296350996941328
1491835493675409413,DDJN23,DDJN24,2022-06-20 23:29:01+00:00,@MorenoVuelve @odonnellmaria Sabian ustedes que @CarlosHeller manotea la caja de ahorro de los asociados al banco credicoop para recaudar para su revista accion? ? ? y no devuelve la guita ni con mediacion?? Increible robandole a un desocupado para pagarle el sueldo a unos progres y restos del @pcaarg??,"Soldado de Guillermo Moreno, exterminador de boludos e hijos de puta.",28,73,1684,0,False,20,6,2022,23,25,0,171,NEG,0.9957538843154908,0.0037613327149301,0.0004848096286877,anger,0.0060358978807926,0.0189797561615705,0.0109973512589931,0.6105632781982422,0.3187995553016662,0.0086744399741292,['hateful'],0.5385681390762329,0.0115028722211718,0.2726430296897888
1109528609130233856,Deidara Pincha üèÜüèÜüèÜüèÜ,valencalderone,2022-06-20 23:20:56+00:00,El Banco Credicoop cuando empieza el mes del orgullo: https://t.co/YCzVXT289F,IG: yxungvitto / Del Pretista de Gustavo del Prete.,243,492,11266,0,False,20,6,2022,23,25,0,171,NEU,0.1396512687206268,0.8425577878952026,0.0177910067141056,others,0.0151906069368124,0.0094795636832714,0.0061895418912172,0.0057723997160792,0.0033607920631766,0.0023612345103174,[],0.0370223298668861,0.0070403483696281,0.0263779517263174
37433223,‚ú® Joey,JoelAlejandro,2022-06-21 02:59:25+00:00,25 intentos de validar identidad en Credicoop con dos tel√©fonos distintos. La app no reconoce mi cara. Me odian.,"üçµ Blender y Sommelier de T√© en @CasaPasionaria
üíú Se√±oro de @Gabito_Dev
üöÄ Co-Founder @SomosCodear - Tech Lead @MercadoLibre
üåà #ProudToBe - he/him",3846,599,13888,55,False,21,6,2022,2,25,1,172,NEG,0.9941639304161072,0.0054562618024647,0.0003797831013798,anger,0.0104628531262278,0.0316734388470649,0.0140013024210929,0.694728672504425,0.1531994938850402,0.0152781251817941,[],0.0511931143701076,0.0068331197835505,0.0283125191926956
239611244,JESUS C. LOZA CHOQUE,CONTIENDAPUNO,2022-06-21 02:56:19+00:00,"Credicoop 0 Cahusi√±os 1, resumen y gol del partido semifinal Copa Per√∫ en San Rom√°n https://t.co/RYUKI99uko","NACI EN YUNGUYO, PERIODISTA DEPORTIVO, ME ENCANTA LA MUSICA SALSA Y LA DE RICARDO ARJONA, ME ENCANTA CONOCER CIUDADES Y AMIGOS Y AMIGAS",486,898,4274,5,False,21,6,2022,2,25,1,172,NEU,0.0390707291662693,0.9496646523475648,0.0112646091729402,others,0.0134590156376361,0.0028345054015517,0.0057728067040443,0.0013658433454111,0.0007794254925101,0.0010524085955694,[],0.0098094372078776,0.012858941219747,0.0122119514271616
239611244,JESUS C. LOZA CHOQUE,CONTIENDAPUNO,2022-06-21 02:00:30+00:00,"Credicoop 0 Cahusi√±os 1, resumen y gol del partido semifinal Copa Per√∫ e... https://t.co/RYUKI99uko a trav√©s de @YouTube","NACI EN YUNGUYO, PERIODISTA DEPORTIVO, ME ENCANTA LA MUSICA SALSA Y LA DE RICARDO ARJONA, ME ENCANTA CONOCER CIUDADES Y AMIGOS Y AMIGAS",486,898,4274,5,False,21,6,2022,2,25,1,172,NEU,0.040096279233694,0.9412453174591064,0.0186583939939737,others,0.027522750198841,0.0031126122921705,0.0087482342496514,0.0017046715365722,0.0011188307544216,0.0014561130665242,[],0.009258066304028,0.0147612281143665,0.0133400522172451
821195119252697089,S.O.S CABALLOS,soscaballostafe,2022-06-21 07:17:08+00:00,"‚ù£Ô∏èSi quer√©s colaborar con los gastos de su recuperaci√≥n y mantenimiento pod√©s hacerlo mediante nuestra cuenta corriente:

Cuenta corriente Banco Credicoop
Cta n¬∫ 2061
Filial 261
CBU 1910261855026100020614
Cuit: 30 711 638 85-3 üêé

Y tambi√©n por Mercado Pago‚¨áÔ∏è","ASOCIACI√ìN CIVIL dedicada a la defensa, rehabilitaci√≥n y asistencia del equino maltratado y a la erradicaci√≥n de la tracci√≥n a sangre. Pers. Jur. N¬∫ 267",2343,89,3587,5,False,21,6,2022,7,25,1,172,NEU,0.0068614725023508,0.9642843008041382,0.0288542732596397,others,0.0410745106637477,0.00799111276865,0.003630498657003,0.0029259445145726,0.0016015340806916,0.0020230601076036,[],0.012540285475552,0.0110383369028568,0.0133672738447785
2285275704,Mundo Empresarial,EmpresarialARG,2022-06-21 11:07:57+00:00,"Credicoop destina 10 mil millones de pesos para emprendedores y monotributistas
https://t.co/jFqO5R0l9h","La voz de las pymes
econom√≠a, pol√≠tica e Informaci√≥n con una mirada nacional",27814,12602,28831,159,False,21,6,2022,11,25,1,172,NEU,0.0703722611069679,0.8202756643295288,0.1093520373106002,others,0.0478244237601757,0.01442442368716,0.020688459277153,0.023366468027234,0.006637246813625,0.006575773935765,[],0.011234582401812,0.0114409625530242,0.0136539516970515
